Code,Name,Country,Exchange,Currency,Type,Isin
AEDAUD,AEDAUD,Unknown,FOREX,NA,Currency,
AEDCAD,AEDCAD,Unknown,FOREX,NA,Currency,
AEDCHF,AEDCHF,Unknown,FOREX,NA,Currency,
AEDEUR,"UAE Dirham/Euro FX Cross Rate",Unknown,FOREX,NA,Currency,
AEDGBP,AEDGBP,Unknown,FOREX,NA,Currency,
AEDINR,"UAE Dirham/Indian Rupee FX Cross Rate",Unknown,FOREX,NA,Currency,
AEDJPY,"UAE Dirham/Japanese Yen FX Cross Rate",Unknown,FOREX,NA,Currency,
AEDNOK,"UAE Dirham/Norwegian Krone FX Cross Rate",Unknown,FOREX,NA,Currency,
AEDNZD,AEDNZD,Unknown,FOREX,NA,Currency,
AEDPKR,"UAE Dirham/Pakistani Rupee FX Cross Rate",Unknown,FOREX,NA,Currency,
AEDSAR,"UAE Dirham/Saudi Arabian Riyal FX Cross Rate",Unknown,FOREX,NA,Currency,
AEDSEK,"UAE Dirham/Swedish Krona FX Cross Rate",Unknown,FOREX,NA,Currency,
AEDUSD,"UAE Dirham/US Dollar FX Spot Rate",Unknown,FOREX,NA,Currency,
AEDZAR,"UAE Dirham/South African Rand FX Cross Rate",Unknown,FOREX,NA,Currency,
ANG,ANG,Unknown,FOREX,NA,Currency,
ARS,USDARS,Unknown,FOREX,NA,Currency,
ARSBRL,"Argentine Peso/Brazilian Real FX Cross Rate",Unknown,FOREX,NA,Currency,
ARSEUR,ARSEUR,Unknown,FOREX,NA,Currency,
ARSGBP,"Argentine Peso/UK Pound Sterling FX Cross Rate",Unknown,FOREX,NA,Currency,
ARSJPY,"Argentine Peso/Japanese Yen FX Cross Rate",Unknown,FOREX,NA,Currency,
ARSUSD,"Argentine Peso/US Dollar FX Cross Rate",Unknown,FOREX,NA,Currency,
AUD,"US Dollar/Australian Dollar FX Cross Rate",Unknown,FOREX,NA,Currency,
AUDAED,"Australian Dollar/UAE Dirham FX Cross Rate",Unknown,FOREX,NA,Currency,
AUDARS,"Australian Dollar/Argentine Peso FX Cross Rate",Unknown,FOREX,NA,Currency,
AUDBRL,"Australian Dollar/Brazilian Real FX Cross Rate",Unknown,FOREX,NA,Currency,
AUDCAD,"Australian Dollar/Canadian Dollar FX Cross Rate",Unknown,FOREX,NA,Currency,
AUDCHF,"Australian Dollar/Swiss Franc FX Cross Rate",Unknown,FOREX,CHF,Currency,
AUDCNH,AUDCNH,Unknown,FOREX,NA,Currency,
AUDCNY,AUDCNY,Unknown,FOREX,NA,Currency,
AUDCZK,"Australian Dollar/Czech Koruna FX Cross Rate",Unknown,FOREX,NA,Currency,
AUDDKK,"Australian Dollar/Danish Krone FX Cross Rate",Unknown,FOREX,NA,Currency,
AUDEUR,"Australian Dollar/Euro FX Cross Rate",Unknown,FOREX,EUR,Currency,
AUDFJD,"Australian Dollar/Fiji Dollar FX Cross Rate",Unknown,FOREX,NA,Currency,
AUDGBP,"Australian Dollar/UK Pound Sterling FX Cross Rate",Unknown,FOREX,NA,Currency,
AUDHKD,"Australian Dollar/Hong Kong Dollar FX Cross Rate",Unknown,FOREX,NA,Currency,
AUDHUF,"Australian Dollar/Hungarian Forint FX Cross Rate",Unknown,FOREX,NA,Currency,
AUDIDR,"Australian Dollar/Indonesian Rupiah FX Cross Rate",Unknown,FOREX,NA,Currency,
AUDILS,"Australian Dollar/Israeli Shekel FX Cross Rate",Unknown,FOREX,NA,Currency,
AUDINR,"Australian Dollar/Indian Rupee FX Cross Rate",Unknown,FOREX,NA,Currency,
AUDJPY,"Australian Dollar/Japanese Yen FX Cross Rate",Unknown,FOREX,JPY,Currency,
AUDKRW,"Australian Dollar/Korean Won FX Cross Rate",Unknown,FOREX,NA,Currency,
AUDMXN,"Australian Dollar/Mexican Peso FX Cross Rate",Unknown,FOREX,NA,Currency,
AUDMYR,"Australian Dollar/Malaysian Ringgit FX Cross Rate",Unknown,FOREX,NA,Currency,
AUDNOK,"Australian Dollar/Norwegian Krone FX Cross Rate",Unknown,FOREX,NA,Currency,
AUDNZD,"Australian Dollar/New Zealand Dollar FX Cross Rate",Unknown,FOREX,NZD,Currency,
AUDPHP,"Australian Dollar/Philippine Peso FX Cross Rate",Unknown,FOREX,NA,Currency,
AUDPKR,"Australian Dollar/Pakistani Rupee FX Cross Rate",Unknown,FOREX,NA,Currency,
AUDPLN,"Australian Dollar/Polish Zloty FX Cross Rate",Unknown,FOREX,NA,Currency,
AUDSEK,"Australian Dollar/Swedish Krona FX Cross Rate",Unknown,FOREX,NA,Currency,
AUDSGD,"Australian Dollar/Singapore Dollar FX Cross Rate",Unknown,FOREX,NA,Currency,
AUDTHB,"Australian Dollar/Thai Baht FX Cross Rate",Unknown,FOREX,NA,Currency,
AUDTRY,"Australian Dollar/Turkish Lira FX Cross Rate",Unknown,FOREX,NA,Currency,
AUDTWD,"Australian Dollar/Taiwan Dollar FX Cross Rate",Unknown,FOREX,NA,Currency,
AUDUSD,"Australian Dollar/US Dollar FX Spot Rate",Unknown,FOREX,NA,Currency,
AUDZAR,AUDZAR,Unknown,FOREX,NA,Currency,
BDTGBP,BDTGBP,Unknown,FOREX,NA,Currency,
BDTJPY,BDTJPY,Unknown,FOREX,NA,Currency,
BGNUSD,BGNUSD,Unknown,FOREX,NA,Currency,
BHDEUR,BHDEUR,Unknown,FOREX,NA,Currency,
BHDPKR,BHDPKR,Unknown,FOREX,NA,Currency,
BHDUSD,BHDUSD,Unknown,FOREX,NA,Currency,
BRL,"US Dollar/Brazilian Real FX Spot Rate",Unknown,FOREX,NA,Currency,
BRLARS,"Brazilian Real/Argentine Peso FX Cross Rate",Unknown,FOREX,NA,Currency,
BRLAUD,BRLAUD,Unknown,FOREX,NA,Currency,
BRLCHF,BRLCHF,Unknown,FOREX,NA,Currency,
BRLEUR,"Brazilian Real/Euro FX Cross Rate",Unknown,FOREX,NA,Currency,
BRLHKD,"Brazilian Real/Hong Kong Dollar FX Cross Rate",Unknown,FOREX,NA,Currency,
BRLJPY,"Brazilian Real/Japanese Yen FX Cross Rate",Unknown,FOREX,NA,Currency,
BRLKRW,BRLKRW,Unknown,FOREX,NA,Currency,
BRLMXN,"Brazilian Real/Mexican Peso FX Cross Rate",Unknown,FOREX,NA,Currency,
BRLRUB,"Brazilian Real/Russian Rouble FX Cross Rate",Unknown,FOREX,NA,Currency,
BRLSEK,BRLSEK,Unknown,FOREX,NA,Currency,
BRLSGD,"Brazilian Real/Singapore Dollar FX Cross Rate",Unknown,FOREX,NA,Currency,
BRLUSD,"Brazilian Real/US Dollar FX Cross Rate",Unknown,FOREX,NA,Currency,
BRLZAR,"Brazilian Real/South African Rand FX Cross Rate",Unknown,FOREX,NA,Currency,
BWPEUR,BWPEUR,Unknown,FOREX,NA,Currency,
BWPUSD,BWPUSD,Unknown,FOREX,NA,Currency,
BYNUSD,"Belarusian Ruble US Dollar",Unknown,FOREX,NA,Currency,
CAD,"US Dollar/Canadian Dollar FX Spot Rate",Unknown,FOREX,NA,Currency,
CADAED,"Canadian Dollar/UAE Dirham FX Cross Rate",Unknown,FOREX,NA,Currency,
CADARS,"Canadian Dollar/Argentine Peso FX Cross Rate",Unknown,FOREX,NA,Currency,
CADAUD,"Canadian Dollar/Australian Dollar FX Cross Rate",Unknown,FOREX,AUD,Currency,
CADBRL,"Canadian Dollar/Brazilian Real FX Cross Rate",Unknown,FOREX,NA,Currency,
CADCHF,"Canadian Dollar/Swiss Franc FX Cross Rate",Unknown,FOREX,CHF,Currency,
CADCNH,CADCNH,Unknown,FOREX,NA,Currency,
CADCNY,CADCNY,Unknown,FOREX,NA,Currency,
CADCZK,"Canadian Dollar Czech Koruna",Unknown,FOREX,NA,Currency,
CADDKK,"Canadian Dollar/Danish Krone FX Cross Rate",Unknown,FOREX,NA,Currency,
CADEUR,"Canadian Dollar/Euro FX Cross Rate",Unknown,FOREX,EUR,Currency,
CADGBP,"Canadian Dollar/UK Pound Sterling FX Cross Rate",Unknown,FOREX,GBP,Currency,
CADHKD,"Canadian Dollar/Hong Kong Dollar FX Cross Rate",Unknown,FOREX,NA,Currency,
CADIDR,"Canadian Dollar/Indonesian Rupiah FX Cross Rate",Unknown,FOREX,NA,Currency,
CADILS,"Canadian Dollar/Israeli Shekel FX Cross Rate",Unknown,FOREX,NA,Currency,
CADINR,"Canadian Dollar/Indian Rupee FX Cross Rate",Unknown,FOREX,NA,Currency,
CADISK,CADISK,Unknown,FOREX,NA,Currency,
CADJPY,"Canadian Dollar/Japanese Yen FX Cross Rate",Unknown,FOREX,JPY,Currency,
CADKRW,"Canadian Dollar/Korean Won FX Cross Rate",Unknown,FOREX,NA,Currency,
CADKWD,"Canadian Dollar/Kuwaiti Dinar FX Cross Rate",Unknown,FOREX,NA,Currency,
CADMXN,"Canadian Dollar/Mexican Peso FX Cross Rate",Unknown,FOREX,NA,Currency,
CADMYR,"Canadian Dollar/Malaysian Ringgit FX Cross Rate",Unknown,FOREX,NA,Currency,
CADNOK,"Canadian Dollar/Norwegian Krone FX Cross Rate",Unknown,FOREX,NA,Currency,
CADNZD,"Canadian Dollar/New Zealand Dollar FX Cross Rate",Unknown,FOREX,NZD,Currency,
CADPKR,"Canadian Dollar/Pakistani Rupee FX Cross Rate",Unknown,FOREX,NA,Currency,
CADPLN,"Canadian Dollar/Polish Zloty FX Cross Rate",Unknown,FOREX,NA,Currency,
CADRUB,"Canadian Dollar/Russian Rouble FX Cross Rate",Unknown,FOREX,NA,Currency,
CADSEK,"Canadian Dollar/Swedish Krona FX Cross Rate",Unknown,FOREX,NA,Currency,
CADSGD,"Canadian Dollar/Singapore Dollar FX Cross Rate",Unknown,FOREX,NA,Currency,
CADTHB,"Canadian Dollar/Thai Baht FX Cross Rate",Unknown,FOREX,NA,Currency,
CADTRY,"Canadian Dollar/Turkish Lira FX Cross Rate",Unknown,FOREX,NA,Currency,
CADTWD,"Canadian Dollar/Taiwan Dollar FX Cross Rate",Unknown,FOREX,NA,Currency,
CADUSD,CADUSD,Unknown,FOREX,NA,Currency,
CADZAR,"Canadian Dollar/South African Rand FX Cross Rate",Unknown,FOREX,NA,Currency,
CDFUSD,CDFUSD,Unknown,FOREX,NA,Currency,
CHF,"US Dollar/Swiss Franc FX Spot Rate",Unknown,FOREX,NA,Currency,
CHFAED,"Swiss Franc/UAE Dirham FX Cross Rate",Unknown,FOREX,NA,Currency,
CHFARS,"Swiss Franc/Argentine Peso FX Cross Rate",Unknown,FOREX,NA,Currency,
CHFAUD,"Swiss Franc/Australian Dollar FX Cross Rate",Unknown,FOREX,AUD,Currency,
CHFBRL,"Swiss Franc/Brazilian Real FX Cross Rate",Unknown,FOREX,NA,Currency,
CHFBWP,CHFBWP,Unknown,FOREX,NA,Currency,
CHFCAD,"Swiss Franc/Canadian Dollar FX Cross Rate",Unknown,FOREX,CAD,Currency,
CHFCNY,"Swiss Franc/Chinese Renminbi FX Cross Rate",Unknown,FOREX,NA,Currency,
CHFCZK,"Swiss Franc/Czech Koruna FX Cross Rate",Unknown,FOREX,NA,Currency,
CHFDKK,"Swiss Franc/Danish Krone FX Cross Rate",Unknown,FOREX,NA,Currency,
CHFEUR,"Swiss Franc/Euro FX Cross Rate",Unknown,FOREX,EUR,Currency,
CHFGBP,"Swiss Franc/UK Pound Sterling FX Cross Rate",Unknown,FOREX,GBP,Currency,
CHFHKD,"Swiss Franc/Hong Kong Dollar FX Cross Rate",Unknown,FOREX,NA,Currency,
CHFHUF,"Swiss Franc/Hungarian Forint FX Cross Rate",Unknown,FOREX,NA,Currency,
CHFIDR,"Swiss Franc/Indonesian Rupiah FX Cross Rate",Unknown,FOREX,NA,Currency,
CHFILS,CHFILS,Unknown,FOREX,NA,Currency,
CHFINR,"Swiss Franc/Indian Rupee FX Cross Rate",Unknown,FOREX,NA,Currency,
CHFISK,CHFISK,Unknown,FOREX,NA,Currency,
CHFJPY,"Swiss Franc/Japanese Yen FX Cross Rate",Unknown,FOREX,JPY,Currency,
CHFKRW,"Swiss Franc/Korean Won FX Cross Rate",Unknown,FOREX,NA,Currency,
CHFMXN,"Swiss Franc/Mexican Peso FX Cross Rate",Unknown,FOREX,NA,Currency,
CHFMYR,"Swiss Franc/Malaysian Ringgit FX Cross Rate",Unknown,FOREX,NA,Currency,
CHFNOK,"Swiss Franc/Norwegian Krone FX Cross Rate",Unknown,FOREX,NA,Currency,
CHFNZD,"Swiss Franc/New Zealand Dollar FX Cross Rate",Unknown,FOREX,NZD,Currency,
CHFPKR,CHFPKR,Unknown,FOREX,NA,Currency,
CHFPLN,"Swiss Franc/Polish Zloty FX Cross Rate",Unknown,FOREX,NA,Currency,
CHFRON,CHFRON,Unknown,FOREX,NA,Currency,
CHFRUB,"Swiss Franc/Russian Rouble FX Cross Rate",Unknown,FOREX,NA,Currency,
CHFSEK,"Swiss Franc/Swedish Krona FX Cross Rate",Unknown,FOREX,NA,Currency,
CHFSGD,"Swiss Franc/Singapore Dollar FX Cross Rate",Unknown,FOREX,NA,Currency,
CHFSZL,CHFSZL,Unknown,FOREX,NA,Currency,
CHFTHB,"Swiss Franc/Thai Baht FX Cross Rate",Unknown,FOREX,NA,Currency,
CHFTRY,"Swiss Franc/Turkish Lira FX Cross Rate",Unknown,FOREX,NA,Currency,
CHFTWD,"Swiss Franc/Taiwan Dollar FX Cross Rate",Unknown,FOREX,NA,Currency,
CHFUSD,CHFUSD,Unknown,FOREX,NA,Currency,
CHFUZS,CHFUZS,Unknown,FOREX,NA,Currency,
CHFZAR,"Swiss Franc/South African Rand FX Cross Rate",Unknown,FOREX,NA,Currency,
CLP,"US Dollar/Chilean Peso FX Spot Rate",Unknown,FOREX,NA,Currency,
CLPEUR,CLPEUR,Unknown,FOREX,NA,Currency,
CLPGBP,CLPGBP,Unknown,FOREX,NA,Currency,
CLPUSD,"Chilean Peso US Dollar",Unknown,FOREX,NA,Currency,
CNHCNY,"Chinese Yuan Offshore / Chinese Yuan",Unknown,FOREX,NA,Currency,
CNHHKD,CNHHKD,Unknown,FOREX,NA,Currency,
CNHIDR,CNHIDR,Unknown,FOREX,NA,Currency,
CNHINR,CNHINR,Unknown,FOREX,NA,Currency,
CNHJPY,CNHJPY,Unknown,FOREX,NA,Currency,
CNHKRW,CNHKRW,Unknown,FOREX,NA,Currency,
CNHPHP,CNHPHP,Unknown,FOREX,NA,Currency,
CNHTHB,CNHTHB,Unknown,FOREX,NA,Currency,
CNHTWD,CNHTWD,Unknown,FOREX,NA,Currency,
CNHUSD,"Chinese Yuan Offshore / US Dollar",Unknown,FOREX,NA,Currency,
CNY,"US Dollar/Chinese Renminbi FX Spot Rate",Unknown,FOREX,NA,Currency,
CNYAUD,"Chinese Renminbi/Australian Dollar FX Cross Rate",Unknown,FOREX,NA,Currency,
CNYCAD,CNYCAD,Unknown,FOREX,NA,Currency,
CNYCHF,"Chinese Renminbi/Swiss Franc FX Cross Rate",Unknown,FOREX,NA,Currency,
CNYCNH,"Chinese Yuan / Chinese Yuan Offshore",Unknown,FOREX,NA,Currency,
CNYEUR,"Chinese Renminbi/Euro FX Cross Rate",Unknown,FOREX,NA,Currency,
CNYGBP,"Chinese Renminbi/UK Pound Sterling FX Cross Rate",Unknown,FOREX,NA,Currency,
CNYHKD,"Chinese Renminbi/Hong Kong Dollar FX Cross Rate",Unknown,FOREX,NA,Currency,
CNYJPY,"Chinese Renminbi/Japanese Yen FX Cross Rate",Unknown,FOREX,NA,Currency,
CNYNZD,"Chinese Renminbi/New Zealand Dollar FX Cross Rate",Unknown,FOREX,NA,Currency,
CNYPLN,CNYPLN,Unknown,FOREX,NA,Currency,
CNYRUB,"Chinese Yuan Russian Ruble",Unknown,FOREX,NA,Currency,
CNYUSD,"Chinese Renminbi/US Dollar FX Cross Rate",Unknown,FOREX,NA,Currency,
CNYZAR,CNYZAR,Unknown,FOREX,NA,Currency,
COPUSD,"Colombian Peso US Dollar",Unknown,FOREX,NA,Currency,
CRCGBP,CRCGBP,Unknown,FOREX,NA,Currency,
CZK,"US Dollar/Czech Koruna FX Spot Rate",Unknown,FOREX,NA,Currency,
CZKCHF,CZKCHF,Unknown,FOREX,NA,Currency,
CZKDKK,"Czech Koruna/Danish Krone FX Cross Rate",Unknown,FOREX,NA,Currency,
CZKEUR,"Czech Koruna/Euro FX Cross Rate",Unknown,FOREX,NA,Currency,
CZKJPY,"Czech Koruna/Japanese Yen FX Cross Rate",Unknown,FOREX,NA,Currency,
CZKPLN,"Czech Koruna/Polish Zloty FX Cross Rate",Unknown,FOREX,NA,Currency,
CZKSEK,"Czech Koruna/Swedish Krona FX Cross Rate",Unknown,FOREX,NA,Currency,
CZKUSD,"Czech Koruna/US Dollar FX Cross Rate",Unknown,FOREX,NA,Currency,
DJFGBP,DJFGBP,Unknown,FOREX,NA,Currency,
DKK,"US Dollar/Danish Krone FX Spot Rate",Unknown,FOREX,NA,Currency,
DKKAUD,"Danish Krone/Australian Dollar FX Cross Rate",Unknown,FOREX,NA,Currency,
DKKCAD,"Danish Krone/Canadian Dollar FX Cross Rate",Unknown,FOREX,NA,Currency,
DKKCHF,"Danish Krone/Swiss Franc FX Cross Rate",Unknown,FOREX,NA,Currency,
DKKCZK,"Danish Krone/Czech Koruna FX Cross Rate",Unknown,FOREX,NA,Currency,
DKKEUR,"Danish Krone/Euro FX Cross Rate",Unknown,FOREX,NA,Currency,
DKKGBP,"Danish Krone/UK Pound Sterling FX Cross Rate",Unknown,FOREX,NA,Currency,
DKKHKD,"Danish Krone/Hong Kong Dollar FX Cross Rate",Unknown,FOREX,NA,Currency,
DKKHUF,DKKHUF,Unknown,FOREX,NA,Currency,
DKKINR,"Danish Krone/Indian Rupee FX Cross Rate",Unknown,FOREX,NA,Currency,
DKKISK,DKKISK,Unknown,FOREX,NA,Currency,
DKKJPY,"Danish Krone/Japanese Yen FX Cross Rate",Unknown,FOREX,NA,Currency,
DKKNOK,"Danish Krone/Norwegian Krone FX Cross Rate",Unknown,FOREX,NA,Currency,
DKKNZD,DKKNZD,Unknown,FOREX,NA,Currency,
DKKPKR,"Danish Krone/Pakistani Rupee FX Cross Rate",Unknown,FOREX,NA,Currency,
DKKPLN,"Danish Krone/Polish Zloty FX Cross Rate",Unknown,FOREX,NA,Currency,
DKKSEK,"Danish Krone/Swedish Krona FX Cross Rate",Unknown,FOREX,NA,Currency,
DKKSGD,"Danish Krone/Singapore Dollar FX Cross Rate",Unknown,FOREX,NA,Currency,
DKKTHB,"Danish Krone/Thai Baht FX Cross Rate",Unknown,FOREX,NA,Currency,
DKKUSD,"Danish Krone/US Dollar FX Cross Rate",Unknown,FOREX,NA,Currency,
DKKZAR,DKKZAR,Unknown,FOREX,NA,Currency,
DOPGBP,DOPGBP,Unknown,FOREX,NA,Currency,
DZDUSD,DZDUSD,Unknown,FOREX,NA,Currency,
EGPEUR,EGPEUR,Unknown,FOREX,NA,Currency,
EGPJPY,EGPJPY,Unknown,FOREX,NA,Currency,
EGPPKR,EGPPKR,Unknown,FOREX,NA,Currency,
EGPUSD,EGPUSD,Unknown,FOREX,NA,Currency,
ETBGBP,ETBGBP,Unknown,FOREX,NA,Currency,
EUR,"US Dollar/Euro FX Cross Rate",Unknown,FOREX,NA,Currency,
EURAED,"Euro/UAE Dirham FX Cross Rate",Unknown,FOREX,NA,Currency,
EURAFN,EURAFN,Unknown,FOREX,NA,Currency,
EURALL,EURALL,Unknown,FOREX,NA,Currency,
EURAMD,EURAMD,Unknown,FOREX,NA,Currency,
EURARS,"Euro/Argentine Peso FX Cross Rate",Unknown,FOREX,NA,Currency,
EURAUD,"Euro/Australian Dollar FX Cross Rate",Unknown,FOREX,NA,Currency,
EURBAM,EURBAM,Unknown,FOREX,NA,Currency,
EURBBD,EURBBD,Unknown,FOREX,NA,Currency,
EURBDT,EURBDT,Unknown,FOREX,NA,Currency,
EURBGN,EURBGN,Unknown,FOREX,NA,Currency,
EURBHD,"Euro/Bahraini Dinar FX Cross Rate",Unknown,FOREX,NA,Currency,
EURBIF,EURBIF,Unknown,FOREX,NA,Currency,
EURBND,"Euro/Brunei Dollar FX Cross Rate",Unknown,FOREX,NA,Currency,
EURBOB,EURBOB,Unknown,FOREX,NA,Currency,
EURBRL,"Euro/Brazilian Real FX Cross Rate",Unknown,FOREX,NA,Currency,
EURBSD,EURBSD,Unknown,FOREX,NA,Currency,
EURBWP,EURBWP,Unknown,FOREX,NA,Currency,
EURBZD,EURBZD,Unknown,FOREX,NA,Currency,
EURCAD,"Euro/Canadian Dollar FX Cross Rate",Unknown,FOREX,NA,Currency,
EURCHF,EURCHF,Unknown,FOREX,NA,Currency,
EURCLP,"Euro/Chilean Peso FX Cross Rate",Unknown,FOREX,NA,Currency,
EURCNH,EURCNH,Unknown,FOREX,NA,Currency,
EURCNY,"Euro/Chinese Renminbi FX Cross Rate",Unknown,FOREX,NA,Currency,
EURCOP,EURCOP,Unknown,FOREX,NA,Currency,
EURCRC,EURCRC,Unknown,FOREX,NA,Currency,
EURCUP,EURCUP,Unknown,FOREX,NA,Currency,
EURCVE,EURCVE,Unknown,FOREX,NA,Currency,
EURCZK,EURCZK,Unknown,FOREX,NA,Currency,
EURDJF,EURDJF,Unknown,FOREX,NA,Currency,
EURDKK,"Euro/Danish Krone FX Cross Rate",Unknown,FOREX,NA,Currency,
EURDOP,EURDOP,Unknown,FOREX,NA,Currency,
EURDZD,EURDZD,Unknown,FOREX,NA,Currency,
EUREGP,"Euro/Egyptian Pound FX Cross Rate",Unknown,FOREX,NA,Currency,
EURETB,EURETB,Unknown,FOREX,NA,Currency,
EUREUR,EUREUR,Unknown,FOREX,NA,Currency,
EURFJD,"Euro/Fiji Dollar FX Cross Rate",Unknown,FOREX,NA,Currency,
EURGBP,"Euro/UK Pound Sterling FX Cross Rate",Unknown,FOREX,NA,Currency,
EURGHS,"Euro/Ghanian Cedi FX Cross Rate",Unknown,FOREX,NA,Currency,
EURGNF,EURGNF,Unknown,FOREX,NA,Currency,
EURGTQ,EURGTQ,Unknown,FOREX,NA,Currency,
EURHKD,"Euro/Hong Kong Dollar FX Cross Rate",Unknown,FOREX,NA,Currency,
EURHNL,EURHNL,Unknown,FOREX,NA,Currency,
EURHRK,EURHRK,Unknown,FOREX,NA,Currency,
EURHTG,EURHTG,Unknown,FOREX,NA,Currency,
EURHUF,"Euro/Hungarian Forint FX Cross Rate",Unknown,FOREX,NA,Currency,
EURIDR,"Euro/Indonesian Rupiah FX Cross Rate",Unknown,FOREX,NA,Currency,
EURILS,"Euro/Israeli Shekel FX Cross Rate",Unknown,FOREX,NA,Currency,
EURINR,"Euro/Indian Rupee FX Cross Rate",Unknown,FOREX,NA,Currency,
EURIQD,EURIQD,Unknown,FOREX,NA,Currency,
EURISK,EURISK,Unknown,FOREX,NA,Currency,
EURJMD,EURJMD,Unknown,FOREX,NA,Currency,
EURJOD,EURJOD,Unknown,FOREX,NA,Currency,
EURJPY,"Euro/Japanese Yen FX Cross Rate",Unknown,FOREX,NA,Currency,
EURKES,"Euro/Kenyan Shilling FX Cross Rate",Unknown,FOREX,NA,Currency,
EURKHR,EURKHR,Unknown,FOREX,NA,Currency,
EURKRW,"Euro/Korean Won FX Cross Rate",Unknown,FOREX,NA,Currency,
EURKWD,"Euro/Kuwaiti Dinar FX Cross Rate",Unknown,FOREX,NA,Currency,
EURKYD,"Euro Cayman Islands Dollar",Unknown,FOREX,NA,Currency,
EURKZT,EURKZT,Unknown,FOREX,NA,Currency,
EURLAK,EURLAK,Unknown,FOREX,NA,Currency,
EURLBP,EURLBP,Unknown,FOREX,NA,Currency,
EURLKR,"Euro/Sri Lanka Rupee FX Cross Rate",Unknown,FOREX,NA,Currency,
EURLSL,EURLSL,Unknown,FOREX,NA,Currency,
EURLYD,EURLYD,Unknown,FOREX,NA,Currency,
EURMAD,"Euro/Moroccan Dirham FX Cross Rate",Unknown,FOREX,NA,Currency,
EURMDL,EURMDL,Unknown,FOREX,NA,Currency,
EURMKD,EURMKD,Unknown,FOREX,NA,Currency,
EURMMK,EURMMK,Unknown,FOREX,NA,Currency,
EURMOP,EURMOP,Unknown,FOREX,NA,Currency,
EURMUR,EURMUR,Unknown,FOREX,NA,Currency,
EURMVR,EURMVR,Unknown,FOREX,NA,Currency,
EURMWK,EURMWK,Unknown,FOREX,NA,Currency,
EURMXN,"Euro/Mexican Peso FX Cross Rate",Unknown,FOREX,NA,Currency,
EURMYR,"Euro/Malaysian Ringgit FX Cross Rate",Unknown,FOREX,NA,Currency,
EURNAD,EURNAD,Unknown,FOREX,NA,Currency,
EURNGN,"Euro/Nigerian Naira FX Cross Rate",Unknown,FOREX,NA,Currency,
EURNIO,EURNIO,Unknown,FOREX,NA,Currency,
EURNOK,"Euro/Norwegian Krone FX Cross Rate",Unknown,FOREX,NA,Currency,
EURNPR,EURNPR,Unknown,FOREX,NA,Currency,
EURNZD,"Euro/New Zealand Dollar FX Cross Rate",Unknown,FOREX,NA,Currency,
EUROMR,"Euro/Omani Rial FX Cross Rate",Unknown,FOREX,NA,Currency,
EURPAB,EURPAB,Unknown,FOREX,NA,Currency,
EURPEN,"Euro/Peruvian Sol FX Cross Rate",Unknown,FOREX,NA,Currency,
EURPGK,EURPGK,Unknown,FOREX,NA,Currency,
EURPHP,"Euro/Philippine Peso FX Cross Rate",Unknown,FOREX,NA,Currency,
EURPKR,"Euro/Pakistani Rupee FX Cross Rate",Unknown,FOREX,NA,Currency,
EURPLN,"Euro/Polish Zloty FX Cross Rate",Unknown,FOREX,NA,Currency,
EURPYG,EURPYG,Unknown,FOREX,NA,Currency,
EURQAR,EURQAR,Unknown,FOREX,NA,Currency,
EURRON,EURRON,Unknown,FOREX,NA,Currency,
EURRSD,EURRSD,Unknown,FOREX,NA,Currency,
EURRUB,"Euro/Russian Rouble FX Cross Rate",Unknown,FOREX,NA,Currency,
EURRWF,EURRWF,Unknown,FOREX,NA,Currency,
EURSAR,"Euro/Saudi Arabian Riyal FX Cross Rate",Unknown,FOREX,NA,Currency,
EURSCR,"Euro/Seychelles Rupee FX Cross Rate",Unknown,FOREX,NA,Currency,
EURSEK,"Euro/Swedish Krona FX Cross Rate",Unknown,FOREX,NA,Currency,
EURSGD,"Euro/Singapore Dollar FX Cross Rate",Unknown,FOREX,NA,Currency,
EURSOS,EURSOS,Unknown,FOREX,NA,Currency,
EURSVC,EURSVC,Unknown,FOREX,NA,Currency,
EURSZL,EURSZL,Unknown,FOREX,NA,Currency,
EURTHB,"Euro/Thai Baht FX Cross Rate",Unknown,FOREX,NA,Currency,
EURTND,EURTND,Unknown,FOREX,NA,Currency,
EURTRY,"Euro/Turkish Lira FX Cross Rate",Unknown,FOREX,NA,Currency,
EURTTD,EURTTD,Unknown,FOREX,NA,Currency,
EURTWD,"Euro/Taiwan Dollar FX Cross Rate",Unknown,FOREX,NA,Currency,
EURTZS,EURTZS,Unknown,FOREX,NA,Currency,
EURUAH,"Euro/Ukraine Hryvnia FX Cross Rate",Unknown,FOREX,NA,Currency,
EURUGX,EURUGX,Unknown,FOREX,NA,Currency,
EURUSD,EURUSD,Unknown,FOREX,NA,Currency,
EURUYU,EURUYU,Unknown,FOREX,NA,Currency,
EURUZS,EURUZS,Unknown,FOREX,NA,Currency,
EURVND,"Euro/Vietnam Dong FX Cross Rate",Unknown,FOREX,NA,Currency,
EURXAF,EURXAF,Unknown,FOREX,NA,Currency,
EURXOF,EURXOF,Unknown,FOREX,NA,Currency,
EURXPF,EURXPF,Unknown,FOREX,NA,Currency,
EURYER,EURYER,Unknown,FOREX,NA,Currency,
EURZAR,"Euro/South African Rand FX Cross Rate",Unknown,FOREX,NA,Currency,
FJDUSD,"Fiji Dollar/US Dollar FX Spot Rate",Unknown,FOREX,NA,Currency,
GBP,"US Dollar/UK Pound Sterling FX Cross Rate",Unknown,FOREX,NA,Currency,
GBPAED,"UK Pound Sterling/UAE Dirham FX Cross Rate",Unknown,FOREX,NA,Currency,
GBPALL,GBPALL,Unknown,FOREX,NA,Currency,
GBPARS,"UK Pound Sterling/Argentine Peso FX Cross Rate",Unknown,FOREX,NA,Currency,
GBPAUD,"UK Pound Sterling/Australian Dollar FX Cross Rate",Unknown,FOREX,NA,Currency,
GBPBDT,GBPBDT,Unknown,FOREX,NA,Currency,
GBPBGN,GBPBGN,Unknown,FOREX,NA,Currency,
GBPBHD,"UK Pound Sterling/Bahraini Dinar FX Cross Rate",Unknown,FOREX,NA,Currency,
GBPBIF,GBPBIF,Unknown,FOREX,NA,Currency,
GBPBMD,GBPBMD,Unknown,FOREX,NA,Currency,
GBPBND,GBPBND,Unknown,FOREX,NA,Currency,
GBPBRL,"UK Pound Sterling/Brazilian Real FX Cross Rate",Unknown,FOREX,NA,Currency,
GBPBWP,GBPBWP,Unknown,FOREX,NA,Currency,
GBPCAD,"UK Pound Sterling/Canadian Dollar FX Cross Rate",Unknown,FOREX,NA,Currency,
GBPCHF,"UK Pound Sterling/Swiss Franc FX Cross Rate",Unknown,FOREX,NA,Currency,
GBPCLP,"UK Pound Sterling/Chilean Peso FX Cross Rate",Unknown,FOREX,NA,Currency,
GBPCNH,GBPCNH,Unknown,FOREX,NA,Currency,
GBPCNY,"UK Pound Sterling/Chinese Renminbi FX Cross Rate",Unknown,FOREX,NA,Currency,
GBPCOP,GBPCOP,Unknown,FOREX,NA,Currency,
GBPCRC,GBPCRC,Unknown,FOREX,NA,Currency,
GBPCZK,"UK Pound Sterling/Czech Koruna FX Cross Rate",Unknown,FOREX,NA,Currency,
GBPDJF,GBPDJF,Unknown,FOREX,NA,Currency,
GBPDKK,"UK Pound Sterling/Danish Krone FX Cross Rate",Unknown,FOREX,NA,Currency,
GBPDOP,GBPDOP,Unknown,FOREX,NA,Currency,
GBPDZD,GBPDZD,Unknown,FOREX,NA,Currency,
GBPEGP,"UK Pound Sterling/Egyptian Pound FX Cross Rate",Unknown,FOREX,NA,Currency,
GBPETB,GBPETB,Unknown,FOREX,NA,Currency,
GBPEUR,"UK Pound Sterling/Euro FX Cross Rate",Unknown,FOREX,EUR,Currency,
GBPFJD,"UK Pound Sterling/Fiji Dollar FX Cross Rate",Unknown,FOREX,NA,Currency,
GBPGBP,GBPGBP,Unknown,FOREX,NA,Currency,
GBPGTQ,GBPGTQ,Unknown,FOREX,NA,Currency,
GBPHKD,"UK Pound Sterling/Hong Kong Dollar FX Cross Rate",Unknown,FOREX,NA,Currency,
GBPHNL,GBPHNL,Unknown,FOREX,NA,Currency,
GBPHRK,GBPHRK,Unknown,FOREX,NA,Currency,
GBPHTG,GBPHTG,Unknown,FOREX,NA,Currency,
GBPHUF,"UK Pound Sterling/Hungarian Forint FX Cross Rate",Unknown,FOREX,NA,Currency,
GBPIDR,"UK Pound Sterling/Indonesian Rupiah FX Cross Rate",Unknown,FOREX,NA,Currency,
GBPILS,"UK Pound Sterling/Israeli Shekel FX Cross Rate",Unknown,FOREX,NA,Currency,
GBPINR,"UK Pound Sterling/Indian Rupee FX Cross Rate",Unknown,FOREX,NA,Currency,
GBPIQD,GBPIQD,Unknown,FOREX,NA,Currency,
GBPISK,GBPISK,Unknown,FOREX,NA,Currency,
GBPJMD,GBPJMD,Unknown,FOREX,NA,Currency,
GBPJOD,GBPJOD,Unknown,FOREX,NA,Currency,
GBPJPY,"UK Pound Sterling/Japanese Yen FX Cross Rate",Unknown,FOREX,NA,Currency,
GBPKES,"UK Pound Sterling/Kenyan Shilling FX Cross Rate",Unknown,FOREX,NA,Currency,
GBPKRW,"UK Pound Sterling/Korean Won FX Cross Rate",Unknown,FOREX,NA,Currency,
GBPKWD,"UK Pound Sterling/Kuwaiti Dinar FX Cross Rate",Unknown,FOREX,NA,Currency,
GBPLBP,GBPLBP,Unknown,FOREX,NA,Currency,
GBPLKR,"UK Pound Sterling/Sri Lanka Rupee FX Cross Rate",Unknown,FOREX,NA,Currency,
GBPMAD,"UK Pound Sterling/Moroccan Dirham FX Cross Rate",Unknown,FOREX,NA,Currency,
GBPMUR,GBPMUR,Unknown,FOREX,NA,Currency,
GBPMVR,GBPMVR,Unknown,FOREX,NA,Currency,
GBPMWK,GBPMWK,Unknown,FOREX,NA,Currency,
GBPMXN,"UK Pound Sterling/Mexican Peso FX Cross Rate",Unknown,FOREX,NA,Currency,
GBPMYR,"UK Pound Sterling/Malaysian Ringgit FX Cross Rate",Unknown,FOREX,NA,Currency,
GBPNGN,"UK Pound Sterling/Nigerian Naira FX Cross Rate",Unknown,FOREX,NA,Currency,
GBPNIO,GBPNIO,Unknown,FOREX,NA,Currency,
GBPNOK,"UK Pound Sterling/Norwegian Krone FX Cross Rate",Unknown,FOREX,NA,Currency,
GBPNZD,"UK Pound Sterling/New Zealand Dollar FX Cross Rate",Unknown,FOREX,NA,Currency,
GBPOMR,"UK Pound Sterling/Omani Rial FX Cross Rate",Unknown,FOREX,NA,Currency,
GBPPEN,GBPPEN,Unknown,FOREX,NA,Currency,
GBPPGK,"UK Pound Sterling/Papua New Guinea Kina FX Cross Rate",Unknown,FOREX,NA,Currency,
GBPPHP,"UK Pound Sterling/Philippine Peso FX Cross Rate",Unknown,FOREX,NA,Currency,
GBPPKR,"UK Pound Sterling/Pakistani Rupee FX Cross Rate",Unknown,FOREX,NA,Currency,
GBPPLN,"UK Pound Sterling/Polish Zloty FX Cross Rate",Unknown,FOREX,NA,Currency,
GBPQAR,GBPQAR,Unknown,FOREX,NA,Currency,
GBPRON,GBPRON,Unknown,FOREX,NA,Currency,
GBPRUB,"UK Pound Sterling/Russian Rouble FX Cross Rate",Unknown,FOREX,NA,Currency,
GBPSAR,"UK Pound Sterling/Saudi Arabian Riyal FX Cross Rate",Unknown,FOREX,NA,Currency,
GBPSCR,GBPSCR,Unknown,FOREX,NA,Currency,
GBPSEK,"UK Pound Sterling/Swedish Krona FX Cross Rate",Unknown,FOREX,NA,Currency,
GBPSGD,"UK Pound Sterling/Singapore Dollar FX Cross Rate",Unknown,FOREX,NA,Currency,
GBPSZL,GBPSZL,Unknown,FOREX,NA,Currency,
GBPTHB,"UK Pound Sterling/Thai Baht FX Cross Rate",Unknown,FOREX,NA,Currency,
GBPTND,GBPTND,Unknown,FOREX,NA,Currency,
GBPTRY,"UK Pound Sterling/Turkish Lira FX Cross Rate",Unknown,FOREX,NA,Currency,
GBPTTD,GBPTTD,Unknown,FOREX,NA,Currency,
GBPTWD,"UK Pound Sterling/Taiwan Dollar FX Cross Rate",Unknown,FOREX,NA,Currency,
GBPTZS,GBPTZS,Unknown,FOREX,NA,Currency,
GBPUAH,"UK Pound Sterling/Ukraine Hryvnia FX Cross Rate",Unknown,FOREX,NA,Currency,
GBPUGX,GBPUGX,Unknown,FOREX,NA,Currency,
GBPUSD,"UK Pound Sterling/US Dollar FX Spot Rate",Unknown,FOREX,NA,Currency,
GBPVND,"UK Pound Sterling/Vietnam Dong FX Cross Rate",Unknown,FOREX,NA,Currency,
GBPXAF,GBPXAF,Unknown,FOREX,NA,Currency,
GBPXCD,GBPXCD,Unknown,FOREX,NA,Currency,
GBPXPF,GBPXPF,Unknown,FOREX,NA,Currency,
GBPZAR,"UK Pound Sterling/South African Rand FX Cross Rate",Unknown,FOREX,NA,Currency,
GHSEUR,GHSEUR,Unknown,FOREX,NA,Currency,
GHSUSD,GHSUSD,Unknown,FOREX,NA,Currency,
HKD,"US Dollar/Hong Kong Dollar FX Spot Rate",Unknown,FOREX,NA,Currency,
HKDAUD,"Hong Kong Dollar/Australian Dollar FX Cross Rate",Unknown,FOREX,NA,Currency,
HKDBRL,"Hong Kong Dollar/Brazilian Real FX Cross Rate",Unknown,FOREX,NA,Currency,
HKDCAD,HKDCAD,Unknown,FOREX,NA,Currency,
HKDCHF,"Hong Kong Dollar/Swiss Franc FX Cross Rate",Unknown,FOREX,NA,Currency,
HKDCNY,"Hong Kong Dollar/Chinese Renminbi FX Cross Rate",Unknown,FOREX,NA,Currency,
HKDDKK,"Hong Kong Dollar/Danish Krone FX Cross Rate",Unknown,FOREX,NA,Currency,
HKDEUR,"Hong Kong Dollar/Euro FX Cross Rate",Unknown,FOREX,NA,Currency,
HKDGBP,"Hong Kong Dollar/UK Pound Sterling FX Cross Rate",Unknown,FOREX,NA,Currency,
HKDIDR,HKDIDR,Unknown,FOREX,NA,Currency,
HKDINR,HKDINR,Unknown,FOREX,NA,Currency,
HKDJPY,HKDJPY,Unknown,FOREX,NA,Currency,
HKDKRW,HKDKRW,Unknown,FOREX,NA,Currency,
HKDMXN,"Hong Kong Dollar/Mexican Peso FX Cross Rate",Unknown,FOREX,NA,Currency,
HKDMYR,"Hong Kong Dollar/Malaysian Ringgit FX Cross Rate",Unknown,FOREX,NA,Currency,
HKDNZD,"Hong Kong Dollar/New Zealand Dollar FX Cross Rate",Unknown,FOREX,NA,Currency,
HKDPKR,"Hong Kong Dollar/Pakistani Rupee FX Cross Rate",Unknown,FOREX,NA,Currency,
HKDPLN,"Hong Kong Dollar/Polish Zloty FX Cross Rate",Unknown,FOREX,NA,Currency,
HKDRUB,"Hong Kong Dollar Russian Ruble",Unknown,FOREX,NA,Currency,
HKDSEK,"Hong Kong Dollar/Swedish Krona FX Cross Rate",Unknown,FOREX,NA,Currency,
HKDSGD,"Hong Kong Dollar/Singapore Dollar FX Cross Rate",Unknown,FOREX,NA,Currency,
HKDTHB,"Hong Kong Dollar/Thai Baht FX Cross Rate",Unknown,FOREX,NA,Currency,
HKDTWD,"Hong Kong Dollar/Taiwan Dollar FX Cross Rate",Unknown,FOREX,NA,Currency,
HKDUSD,"Hong Kong Dollar/US Dollar FX Cross Rate",Unknown,FOREX,NA,Currency,
HKDZAR,"Hong Kong Dollar/South African Rand FX Cross Rate",Unknown,FOREX,NA,Currency,
HRKEUR,HRKEUR,Unknown,FOREX,NA,Currency,
HRKUSD,HRKUSD,Unknown,FOREX,NA,Currency,
HUF,"US Dollar/Hungarian Forint FX Spot Rate",Unknown,FOREX,NA,Currency,
HUFCHF,"Hungarian Forint/Swiss Franc FX Cross Rate",Unknown,FOREX,NA,Currency,
HUFDKK,"Hungarian Forint/Danish Krone FX Cross Rate",Unknown,FOREX,NA,Currency,
HUFEUR,"Hungarian Forint/Euro FX Cross Rate",Unknown,FOREX,NA,Currency,
HUFUSD,HUFUSD,Unknown,FOREX,NA,Currency,
IDR,"US Dollar/Indonesian Rupiah FX Spot Rate",Unknown,FOREX,NA,Currency,
IDRAUD,"Indonesian Rupiah/Australian Dollar FX Cross Rate",Unknown,FOREX,NA,Currency,
IDRCAD,"Indonesian Rupiah/Canadian Dollar FX Cross Rate",Unknown,FOREX,NA,Currency,
IDRCHF,"Indonesian Rupiah/Swiss Franc FX Cross Rate",Unknown,FOREX,NA,Currency,
IDRCNY,IDRCNY,Unknown,FOREX,NA,Currency,
IDREUR,"Indonesian Rupiah/Euro FX Cross Rate",Unknown,FOREX,EUR,Currency,
IDRGBP,"Indonesian Rupiah/UK Pound Sterling FX Cross Rate",Unknown,FOREX,NA,Currency,
IDRINR,"Indonesian Rupiah/Indian Rupee FX Cross Rate",Unknown,FOREX,NA,Currency,
IDRJPY,"Indonesian Rupiah/Japanese Yen FX Cross Rate",Unknown,FOREX,NA,Currency,
IDRKRW,"Indonesian Rupiah/Korean Won FX Cross Rate",Unknown,FOREX,NA,Currency,
IDRMYR,"Indonesian Rupiah/Malaysian Ringgit FX Cross Rate",Unknown,FOREX,NA,Currency,
IDRNZD,"Indonesian Rupiah/New Zealand Dollar FX Cross Rate",Unknown,FOREX,NA,Currency,
IDRSGD,"Indonesian Rupiah/Singapore Dollar FX Cross Rate",Unknown,FOREX,NA,Currency,
IDRTHB,"Indonesian Rupiah/Thai Baht FX Cross Rate",Unknown,FOREX,NA,Currency,
IDRTWD,"Indonesian Rupiah/Taiwan Dollar FX Cross Rate",Unknown,FOREX,NA,Currency,
IDRUSD,IDRUSD,Unknown,FOREX,NA,Currency,
IDRZAR,IDRZAR,Unknown,FOREX,NA,Currency,
ILS,"US Dollar/Israeli Shekel FX Spot Rate",Unknown,FOREX,NA,Currency,
ILSCHF,ILSCHF,Unknown,FOREX,NA,Currency,
ILSEUR,ILSEUR,Unknown,FOREX,NA,Currency,
ILSGBP,ILSGBP,Unknown,FOREX,NA,Currency,
ILSJPY,ILSJPY,Unknown,FOREX,NA,Currency,
ILSPLN,"Israeli Shekel/Polish Zloty FX Cross Rate",Unknown,FOREX,NA,Currency,
ILSRUB,ILSRUB,Unknown,FOREX,NA,Currency,
ILSUSD,ILSUSD,Unknown,FOREX,NA,Currency,
INR,"US Dollar/Indian Rupee FX Spot Rate",Unknown,FOREX,NA,Currency,
INRAUD,INRAUD,Unknown,FOREX,NA,Currency,
INRCAD,"Indian Rupee/Canadian Dollar FX Cross Rate",Unknown,FOREX,NA,Currency,
INRCHF,"Indian Rupee/Swiss Franc FX Cross Rate",Unknown,FOREX,NA,Currency,
INRCNY,"Indian Rupee/Chinese Renminbi FX Cross Rate",Unknown,FOREX,NA,Currency,
INREUR,"Indian Rupee/Euro FX Cross Rate",Unknown,FOREX,NA,Currency,
INRGBP,"Indian Rupee/UK Pound Sterling FX Cross Rate",Unknown,FOREX,NA,Currency,
INRHKD,"Indian Rupee/Hong Kong Dollar FX Cross Rate",Unknown,FOREX,NA,Currency,
INRJPY,"Indian Rupee/Japanese Yen FX Cross Rate",Unknown,FOREX,NA,Currency,
INRKRW,INRKRW,Unknown,FOREX,NA,Currency,
INRMYR,"Indian Rupee/Malaysian Ringgit FX Cross Rate",Unknown,FOREX,NA,Currency,
INRNZD,"Indian Rupee/New Zealand Dollar FX Cross Rate",Unknown,FOREX,NA,Currency,
INRPKR,"Indian Rupee/Pakistani Rupee FX Cross Rate",Unknown,FOREX,NA,Currency,
INRTHB,"Indian Rupee/Thai Baht FX Cross Rate",Unknown,FOREX,NA,Currency,
INRTWD,"Indian Rupee/Taiwan Dollar FX Cross Rate",Unknown,FOREX,NA,Currency,
INRUSD,"Indian Rupee/US Dollar FX Cross Rate",Unknown,FOREX,NA,Currency,
INRZAR,"Indian Rupee/South African Rand FX Cross Rate",Unknown,FOREX,NA,Currency,
ISK,ISK,Unknown,FOREX,NA,Currency,
ISKCHF,ISKCHF,Unknown,FOREX,NA,Currency,
ISKDKK,ISKDKK,Unknown,FOREX,NA,Currency,
ISKEUR,ISKEUR,Unknown,FOREX,NA,Currency,
ISKGBP,ISKGBP,Unknown,FOREX,NA,Currency,
JMDGBP,JMDGBP,Unknown,FOREX,NA,Currency,
JODUSD,JODUSD,Unknown,FOREX,NA,Currency,
JPY,"US Dollar/Japanese Yen FX Spot Rate",Unknown,FOREX,NA,Currency,
JPYAED,JPYAED,Unknown,FOREX,NA,Currency,
JPYARS,"Japanese Yen/Argentine Peso FX Cross Rate",Unknown,FOREX,NA,Currency,
JPYAUD,"Japanese Yen/Australian Dollar FX Cross Rate",Unknown,FOREX,NA,Currency,
JPYBRL,"Japanese Yen/Brazilian Real FX Cross Rate",Unknown,FOREX,NA,Currency,
JPYCAD,"Japanese Yen/Canadian Dollar FX Cross Rate",Unknown,FOREX,CAD,Currency,
JPYCHF,"Japanese Yen/Swiss Franc FX Cross Rate",Unknown,FOREX,CHF,Currency,
JPYCLP,JPYCLP,Unknown,FOREX,NA,Currency,
JPYCNY,JPYCNY,Unknown,FOREX,NA,Currency,
JPYCZK,JPYCZK,Unknown,FOREX,NA,Currency,
JPYDKK,"Japanese Yen/Danish Krone FX Cross Rate",Unknown,FOREX,NA,Currency,
JPYEUR,"Japanese Yen/Euro FX Cross Rate",Unknown,FOREX,NA,Currency,
JPYGBP,"Japanese Yen/UK Pound Sterling FX Cross Rate",Unknown,FOREX,NA,Currency,
JPYHKD,"Japanese Yen/Hong Kong Dollar FX Cross Rate",Unknown,FOREX,NA,Currency,
JPYIDR,"Japanese Yen/Indonesian Rupiah FX Cross Rate",Unknown,FOREX,NA,Currency,
JPYILS,JPYILS,Unknown,FOREX,NA,Currency,
JPYINR,"Japanese Yen/Indian Rupee FX Cross Rate",Unknown,FOREX,NA,Currency,
JPYISK,JPYISK,Unknown,FOREX,NA,Currency,
JPYKRW,"Japanese Yen/Korean Won FX Cross Rate",Unknown,FOREX,NA,Currency,
JPYMXN,"Japanese Yen/Mexican Peso FX Cross Rate",Unknown,FOREX,NA,Currency,
JPYMYR,"Japanese Yen/Malaysian Ringgit FX Cross Rate",Unknown,FOREX,NA,Currency,
JPYNOK,"Japanese Yen/Norwegian Krone FX Cross Rate",Unknown,FOREX,NA,Currency,
JPYNZD,"Japanese Yen/New Zealand Dollar FX Cross Rate",Unknown,FOREX,NZD,Currency,
JPYPKR,JPYPKR,Unknown,FOREX,NA,Currency,
JPYPLN,"Japanese Yen/Polish Zloty FX Cross Rate",Unknown,FOREX,NA,Currency,
JPYRUB,"Japanese Yen/Russian Rouble FX Cross Rate",Unknown,FOREX,NA,Currency,
JPYSEK,"Japanese Yen/Swedish Krona FX Cross Rate",Unknown,FOREX,NA,Currency,
JPYTHB,"Japanese Yen/Thai Baht FX Cross Rate",Unknown,FOREX,NA,Currency,
JPYTWD,"Japanese Yen/Taiwan Dollar FX Cross Rate",Unknown,FOREX,NA,Currency,
JPYUSD,"Japanese Yen/US Dollar FX Cross Rate",Unknown,FOREX,NA,Currency,
JPYZAR,"Japanese Yen/South African Rand FX Cross Rate",Unknown,FOREX,NA,Currency,
KESEUR,KESEUR,Unknown,FOREX,NA,Currency,
KESUSD,KESUSD,Unknown,FOREX,NA,Currency,
KESZAR,KESZAR,Unknown,FOREX,NA,Currency,
KGSRUB,"Kyrgyzstan som/Russian Ruble",Unknown,FOREX,NA,Currency,
KRW,"US Dollar/Korean Won FX Spot Rate",Unknown,FOREX,NA,Currency,
KRWAUD,KRWAUD,Unknown,FOREX,NA,Currency,
KRWBRL,KRWBRL,Unknown,FOREX,NA,Currency,
KRWCAD,"Korean Won/Canadian Dollar FX Cross Rate",Unknown,FOREX,NA,Currency,
KRWCHF,KRWCHF,Unknown,FOREX,NA,Currency,
KRWCNY,KRWCNY,Unknown,FOREX,NA,Currency,
KRWEUR,"Korean Won/Euro FX Cross Rate",Unknown,FOREX,EUR,Currency,
KRWGBP,KRWGBP,Unknown,FOREX,NA,Currency,
KRWHKD,KRWHKD,Unknown,FOREX,NA,Currency,
KRWIDR,"Korean Won/Indonesian Rupiah FX Cross Rate",Unknown,FOREX,NA,Currency,
KRWINR,KRWINR,Unknown,FOREX,NA,Currency,
KRWJPY,"Korean Won/Japanese Yen FX Cross Rate",Unknown,FOREX,NA,Currency,
KRWMYR,"Korean Won/Malaysian Ringgit FX Cross Rate",Unknown,FOREX,NA,Currency,
KRWNZD,KRWNZD,Unknown,FOREX,NA,Currency,
KRWSEK,"Korean Won/Swedish Krona FX Cross Rate",Unknown,FOREX,NA,Currency,
KRWSGD,"Korean Won/Singapore Dollar FX Cross Rate",Unknown,FOREX,NA,Currency,
KRWTHB,KRWTHB,Unknown,FOREX,NA,Currency,
KRWTWD,"Korean Won/Taiwan Dollar FX Cross Rate",Unknown,FOREX,NA,Currency,
KRWUSD,KRWUSD,Unknown,FOREX,NA,Currency,
KRWZAR,KRWZAR,Unknown,FOREX,NA,Currency,
KWDGBP,KWDGBP,Unknown,FOREX,NA,Currency,
KWDPKR,KWDPKR,Unknown,FOREX,NA,Currency,
KWDUSD,"Kuwaiti Dinar/US Dollar FX Cross Rate",Unknown,FOREX,NA,Currency,
KZTGBP,KZTGBP,Unknown,FOREX,NA,Currency,
LBPUSD,LBPUSD,Unknown,FOREX,NA,Currency,
LKR,LKR,Unknown,FOREX,NA,Currency,
LKREUR,LKREUR,Unknown,FOREX,NA,Currency,
LKRUSD,LKRUSD,Unknown,FOREX,NA,Currency,
LRDUSD,LRDUSD,Unknown,FOREX,NA,Currency,
MADGBP,MADGBP,Unknown,FOREX,NA,Currency,
MADUSD,MADUSD,Unknown,FOREX,NA,Currency,
MDLUSD,MDLUSD,Unknown,FOREX,NA,Currency,
MKDUSD,MKDUSD,Unknown,FOREX,NA,Currency,
MUREUR,MUREUR,Unknown,FOREX,NA,Currency,
MURGBP,MURGBP,Unknown,FOREX,NA,Currency,
MURUSD,MURUSD,Unknown,FOREX,NA,Currency,
MVRUSD,MVRUSD,Unknown,FOREX,NA,Currency,
MWKGBP,MWKGBP,Unknown,FOREX,NA,Currency,
MXN,"US Dollar/Mexican Peso FX Spot Rate",Unknown,FOREX,NA,Currency,
MXNAUD,"Mexican Peso/Australian Dollar FX Cross Rate",Unknown,FOREX,NA,Currency,
MXNBRL,"Mexican Peso/Brazilian Real FX Cross Rate",Unknown,FOREX,NA,Currency,
MXNCAD,"Mexican Peso/Canadian Dollar FX Cross Rate",Unknown,FOREX,NA,Currency,
MXNCHF,"Mexican Peso/Swiss Franc FX Cross Rate",Unknown,FOREX,NA,Currency,
MXNDKK,"Mexican Peso/Danish Krone FX Cross Rate",Unknown,FOREX,NA,Currency,
MXNEUR,"Mexican Peso/Euro FX Cross Rate",Unknown,FOREX,NA,Currency,
MXNGBP,"Mexican Peso/UK Pound Sterling FX Cross Rate",Unknown,FOREX,NA,Currency,
MXNHKD,"Mexican Peso/Hong Kong Dollar FX Cross Rate",Unknown,FOREX,NA,Currency,
MXNJPY,"Mexican Peso/Japanese Yen FX Cross Rate",Unknown,FOREX,NA,Currency,
MXNSGD,"Mexican Peso/Singapore Dollar FX Cross Rate",Unknown,FOREX,NA,Currency,
MXNUSD,"Mexican Peso/US Dollar FX Cross Rate",Unknown,FOREX,NA,Currency,
MXNZAR,"Mexican Peso/South African Rand FX Cross Rate",Unknown,FOREX,NA,Currency,
MXV,MXV,Unknown,FOREX,NA,Currency,
MYR,"US Dollar/Malaysian Ringgit FX Spot Rate",Unknown,FOREX,NA,Currency,
MYRAUD,"Malaysian Ringgit/Australian Dollar FX Cross Rate",Unknown,FOREX,NA,Currency,
MYRCAD,"Malaysian Ringgit/Canadian Dollar FX Cross Rate",Unknown,FOREX,NA,Currency,
MYRCHF,"Malaysian Ringgit/Swiss Franc FX Cross Rate",Unknown,FOREX,NA,Currency,
MYRCNH,MYRCNH,Unknown,FOREX,NA,Currency,
MYRCNY,MYRCNY,Unknown,FOREX,NA,Currency,
MYREUR,"Malaysian Ringgit/Euro FX Cross Rate",Unknown,FOREX,EUR,Currency,
MYRGBP,MYRGBP,Unknown,FOREX,NA,Currency,
MYRHKD,"Malaysian Ringgit/Hong Kong Dollar FX Cross Rate",Unknown,FOREX,NA,Currency,
MYRIDR,"Malaysian Ringgit/Indonesian Rupiah FX Cross Rate",Unknown,FOREX,NA,Currency,
MYRINR,"Malaysian Ringgit/Indian Rupee FX Cross Rate",Unknown,FOREX,NA,Currency,
MYRJPY,"Malaysian Ringgit/Japanese Yen FX Cross Rate",Unknown,FOREX,NA,Currency,
MYRKRW,MYRKRW,Unknown,FOREX,NA,Currency,
MYRNZD,"Malaysian Ringgit/New Zealand Dollar FX Cross Rate",Unknown,FOREX,NA,Currency,
MYRSGD,MYRSGD,Unknown,FOREX,NA,Currency,
MYRTHB,"Malaysian Ringgit/Thai Baht FX Cross Rate",Unknown,FOREX,NA,Currency,
MYRTWD,"Malaysian Ringgit/Taiwan Dollar FX Cross Rate",Unknown,FOREX,NA,Currency,
MYRUSD,MYRUSD,Unknown,FOREX,NA,Currency,
MYRZAR,MYRZAR,Unknown,FOREX,NA,Currency,
NGN,"US Dollar/Nigerian Naira FX Spot Rate",Unknown,FOREX,NA,Currency,
NGNGBP,NGNGBP,Unknown,FOREX,NA,Currency,
NGNJPY,NGNJPY,Unknown,FOREX,NA,Currency,
NGNUSD,"Nigerian Naira / US Dollar",Unknown,FOREX,NA,Currency,
NOK,"US Dollar/Norwegian Krone FX Spot Rate",Unknown,FOREX,NA,Currency,
NOKCAD,"Norwegian Krone/Canadian Dollar FX Cross Rate",Unknown,FOREX,NA,Currency,
NOKCHF,"Norwegian Krone/Swiss Franc FX Cross Rate",Unknown,FOREX,NA,Currency,
NOKCNH,NOKCNH,Unknown,FOREX,NA,Currency,
NOKDKK,"Norwegian Krone/Danish Krone FX Cross Rate",Unknown,FOREX,NA,Currency,
NOKEUR,"Norwegian Krone/Euro FX Cross Rate",Unknown,FOREX,NA,Currency,
NOKGBP,"Norwegian Krone/UK Pound Sterling FX Cross Rate",Unknown,FOREX,NA,Currency,
NOKISK,NOKISK,Unknown,FOREX,NA,Currency,
NOKJPY,"Norwegian Krone/Japanese Yen FX Cross Rate",Unknown,FOREX,NA,Currency,
NOKPLN,"Norwegian Krone/Polish Zloty FX Cross Rate",Unknown,FOREX,NA,Currency,
NOKSEK,"Norwegian Krone/Swedish Krona FX Cross Rate",Unknown,FOREX,NA,Currency,
NOKUSD,"Norwegian Krone/US Dollar FX Cross Rate",Unknown,FOREX,NA,Currency,
NOKZAR,NOKZAR,Unknown,FOREX,NA,Currency,
NZD,"US Dollar/New Zealand Dollar FX Cross Rate",Unknown,FOREX,NA,Currency,
NZDAED,"New Zealand Dollar/UAE Dirham FX Cross Rate",Unknown,FOREX,NA,Currency,
NZDAUD,"New Zealand Dollar/Australian Dollar FX Cross Rate",Unknown,FOREX,AUD,Currency,
NZDCAD,"New Zealand Dollar/Canadian Dollar FX Cross Rate",Unknown,FOREX,CAD,Currency,
NZDCHF,"New Zealand Dollar/Swiss Franc FX Cross Rate",Unknown,FOREX,CHF,Currency,
NZDCNH,NZDCNH,Unknown,FOREX,NA,Currency,
NZDCNY,"New Zealand Dollar/Chinese Renminbi FX Cross Rate",Unknown,FOREX,NA,Currency,
NZDCZK,NZDCZK,Unknown,FOREX,NA,Currency,
NZDDKK,"New Zealand Dollar/Danish Krone FX Cross Rate",Unknown,FOREX,NA,Currency,
NZDEUR,"New Zealand Dollar/Euro FX Cross Rate",Unknown,FOREX,EUR,Currency,
NZDGBP,"New Zealand Dollar/UK Pound Sterling FX Cross Rate",Unknown,FOREX,GBP,Currency,
NZDHKD,"New Zealand Dollar/Hong Kong Dollar FX Cross Rate",Unknown,FOREX,NA,Currency,
NZDHUF,"New Zealand Dollar/Hungarian Forint FX Cross Rate",Unknown,FOREX,NA,Currency,
NZDIDR,"New Zealand Dollar/Indonesian Rupiah FX Cross Rate",Unknown,FOREX,NA,Currency,
NZDINR,"New Zealand Dollar/Indian Rupee FX Cross Rate",Unknown,FOREX,NA,Currency,
NZDJPY,"New Zealand Dollar/Japanese Yen FX Cross Rate",Unknown,FOREX,JPY,Currency,
NZDKRW,"New Zealand Dollar/Korean Won FX Cross Rate",Unknown,FOREX,NA,Currency,
NZDMXN,"New Zealand Dollar/Mexican Peso FX Cross Rate",Unknown,FOREX,NA,Currency,
NZDMYR,"New Zealand Dollar/Malaysian Ringgit FX Cross Rate",Unknown,FOREX,NA,Currency,
NZDNOK,"New Zealand Dollar/Norwegian Krone FX Cross Rate",Unknown,FOREX,NA,Currency,
NZDPHP,"New Zealand Dollar/Philippine Peso FX Cross Rate",Unknown,FOREX,NA,Currency,
NZDPKR,"New Zealand Dollar/Pakistani Rupee FX Cross Rate",Unknown,FOREX,NA,Currency,
NZDPLN,"New Zealand Dollar/Polish Zloty FX Cross Rate",Unknown,FOREX,NA,Currency,
NZDSEK,"New Zealand Dollar/Swedish Krona FX Cross Rate",Unknown,FOREX,NA,Currency,
NZDSGD,"New Zealand Dollar/Singapore Dollar FX Cross Rate",Unknown,FOREX,NA,Currency,
NZDTHB,"New Zealand Dollar/Thai Baht FX Cross Rate",Unknown,FOREX,NA,Currency,
NZDTRY,NZDTRY,Unknown,FOREX,NA,Currency,
NZDTWD,"New Zealand Dollar/Taiwan Dollar FX Cross Rate",Unknown,FOREX,NA,Currency,
NZDUSD,"New Zealand Dollar/US Dollar FX Spot Rate",Unknown,FOREX,NA,Currency,
NZDZAR,"New Zealand Dollar/South African Rand FX Cross Rate",Unknown,FOREX,NA,Currency,
OMRAED,"Omani Rial/UAE Dirham FX Cross Rate",Unknown,FOREX,NA,Currency,
OMRGBP,OMRGBP,Unknown,FOREX,NA,Currency,
OMRPKR,OMRPKR,Unknown,FOREX,NA,Currency,
OMRUSD,OMRUSD,Unknown,FOREX,NA,Currency,
PEN,PEN,Unknown,FOREX,NA,Currency,
PENGBP,PENGBP,Unknown,FOREX,NA,Currency,
PGKGBP,PGKGBP,Unknown,FOREX,NA,Currency,
PHP,PHP,Unknown,FOREX,NA,Currency,
PHPAUD,"Philippine Peso/Australian Dollar FX Cross Rate",Unknown,FOREX,NA,Currency,
PHPEUR,"Philippine Peso/Euro FX Cross Rate",Unknown,FOREX,NA,Currency,
PHPGBP,PHPGBP,Unknown,FOREX,NA,Currency,
PHPJPY,"Philippine Peso/Japanese Yen FX Cross Rate",Unknown,FOREX,NA,Currency,
PHPNZD,PHPNZD,Unknown,FOREX,NA,Currency,
PHPUSD,PHPUSD,Unknown,FOREX,NA,Currency,
PKR,PKR,Unknown,FOREX,NA,Currency,
PKREUR,PKREUR,Unknown,FOREX,NA,Currency,
PKRGBP,PKRGBP,Unknown,FOREX,NA,Currency,
PKRJPY,"Pakistani Rupee/Japanese Yen FX Cross Rate",Unknown,FOREX,NA,Currency,
PKRZAR,PKRZAR,Unknown,FOREX,NA,Currency,
PLN,"US Dollar/Polish Zloty FX Spot Rate",Unknown,FOREX,NA,Currency,
PLNCHF,PLNCHF,Unknown,FOREX,NA,Currency,
PLNCZK,PLNCZK,Unknown,FOREX,NA,Currency,
PLNDKK,"Polish Zloty/Danish Krone FX Cross Rate",Unknown,FOREX,NA,Currency,
PLNEUR,"Polish Zloty/Euro FX Cross Rate",Unknown,FOREX,NA,Currency,
PLNHUF,"Polish Zloty/Hungarian Forint FX Cross Rate",Unknown,FOREX,NA,Currency,
PLNILS,PLNILS,Unknown,FOREX,NA,Currency,
PLNJPY,"Polish Zloty/Japanese Yen FX Cross Rate",Unknown,FOREX,NA,Currency,
PLNRON,"Polish Zloty Romanian Leu",Unknown,FOREX,NA,Currency,
PLNRUB,PLNRUB,Unknown,FOREX,NA,Currency,
PLNSEK,"Polish Zloty/Swedish Krona FX Cross Rate",Unknown,FOREX,NA,Currency,
PLNUSD,PLNUSD,Unknown,FOREX,NA,Currency,
QARAED,QARAED,Unknown,FOREX,NA,Currency,
QARGBP,QARGBP,Unknown,FOREX,NA,Currency,
QARPKR,QARPKR,Unknown,FOREX,NA,Currency,
QARUSD,QARUSD,Unknown,FOREX,NA,Currency,
RON,RON,Unknown,FOREX,NA,Currency,
RONEUR,RONEUR,Unknown,FOREX,NA,Currency,
RONGBP,RONGBP,Unknown,FOREX,NA,Currency,
RONUSD,RONUSD,Unknown,FOREX,NA,Currency,
RSDUSD,RSDUSD,Unknown,FOREX,NA,Currency,
RUB,"US Dollar/Russian Rouble FX Spot Rate",Unknown,FOREX,NA,Currency,
RUBCHF,RUBCHF,Unknown,FOREX,NA,Currency,
RUBEUR,"Russian Rouble/Euro FX Cross Rate",Unknown,FOREX,NA,Currency,
RUBGBP,"Russian Rouble/UK Pound Sterling FX Cross Rate",Unknown,FOREX,NA,Currency,
RUBILS,RUBILS,Unknown,FOREX,NA,Currency,
RUBJPY,"Russian Rouble/Japanese Yen FX Cross Rate",Unknown,FOREX,NA,Currency,
RUBPLN,"Russian Rouble/Polish Zloty FX Cross Rate",Unknown,FOREX,NA,Currency,
RUBUSD,"Russian Rouble/US Dollar FX Cross Rate",Unknown,FOREX,NA,Currency,
SAR,"US Dollar/Saudi Arabian Riyal FX Spot Rate",Unknown,FOREX,NA,Currency,
SAREUR,SAREUR,Unknown,FOREX,NA,Currency,
SARPKR,SARPKR,Unknown,FOREX,NA,Currency,
SARUSD,"Saudi Riyal US Dollar",Unknown,FOREX,NA,Currency,
SCRGBP,SCRGBP,Unknown,FOREX,NA,Currency,
SCRUSD,SCRUSD,Unknown,FOREX,NA,Currency,
SEK,"US Dollar/Swedish Krona FX Spot Rate",Unknown,FOREX,NA,Currency,
SEKAUD,"Swedish Krona/Australian Dollar FX Cross Rate",Unknown,FOREX,NA,Currency,
SEKCAD,"Swedish Krona/Canadian Dollar FX Cross Rate",Unknown,FOREX,NA,Currency,
SEKCHF,"Swedish Krona/Swiss Franc FX Cross Rate",Unknown,FOREX,NA,Currency,
SEKCNH,SEKCNH,Unknown,FOREX,NA,Currency,
SEKCZK,"Swedish Krona/Czech Koruna FX Cross Rate",Unknown,FOREX,NA,Currency,
SEKDKK,"Swedish Krona/Danish Krone FX Cross Rate",Unknown,FOREX,NA,Currency,
SEKEUR,"Swedish Krona/Euro FX Cross Rate",Unknown,FOREX,NA,Currency,
SEKGBP,"Swedish Krona/UK Pound Sterling FX Cross Rate",Unknown,FOREX,NA,Currency,
SEKILS,"Swedish Krona/Israeli Shekel FX Cross Rate",Unknown,FOREX,NA,Currency,
SEKINR,"Swedish Krona/Indian Rupee FX Cross Rate",Unknown,FOREX,NA,Currency,
SEKISK,SEKISK,Unknown,FOREX,NA,Currency,
SEKJPY,"Swedish Krona/Japanese Yen FX Cross Rate",Unknown,FOREX,NA,Currency,
SEKNOK,"Swedish Krona/Norwegian Krone FX Cross Rate",Unknown,FOREX,NA,Currency,
SEKPLN,"Swedish Krona/Polish Zloty FX Cross Rate",Unknown,FOREX,NA,Currency,
SEKUSD,"Swedish Krona/US Dollar FX Cross Rate",Unknown,FOREX,NA,Currency,
SEKZAR,SEKZAR,Unknown,FOREX,NA,Currency,
SGD,"US Dollar/Singapore Dollar FX Spot Rate",Unknown,FOREX,NA,Currency,
SGDARS,SGDARS,Unknown,FOREX,NA,Currency,
SGDAUD,"Singapore Dollar/Australian Dollar FX Cross Rate",Unknown,FOREX,NA,Currency,
SGDBRL,"Singapore Dollar/Brazilian Real FX Cross Rate",Unknown,FOREX,NA,Currency,
SGDCHF,"Singapore Dollar/Swiss Franc FX Cross Rate",Unknown,FOREX,NA,Currency,
SGDCNH,SGDCNH,Unknown,FOREX,NA,Currency,
SGDCNY,"Singapore Dollar/Chinese Renminbi FX Cross Rate",Unknown,FOREX,NA,Currency,
SGDDKK,"Singapore Dollar/Danish Krone FX Cross Rate",Unknown,FOREX,NA,Currency,
SGDEUR,"Singapore Dollar/Euro FX Cross Rate",Unknown,FOREX,NA,Currency,
SGDGBP,"Singapore Dollar/UK Pound Sterling FX Cross Rate",Unknown,FOREX,NA,Currency,
SGDHKD,"Singapore Dollar/Hong Kong Dollar FX Cross Rate",Unknown,FOREX,NA,Currency,
SGDIDR,"Singapore Dollar/Indonesian Rupiah FX Cross Rate",Unknown,FOREX,NA,Currency,
SGDINR,"Singapore Dollar/Indian Rupee FX Cross Rate",Unknown,FOREX,NA,Currency,
SGDJPY,"Singapore Dollar/Japanese Yen FX Cross Rate",Unknown,FOREX,NA,Currency,
SGDKRW,SGDKRW,Unknown,FOREX,NA,Currency,
SGDMXN,"Singapore Dollar/Mexican Peso FX Cross Rate",Unknown,FOREX,NA,Currency,
SGDMYR,"Singapore Dollar/Malaysian Ringgit FX Cross Rate",Unknown,FOREX,NA,Currency,
SGDNZD,"Singapore Dollar/New Zealand Dollar FX Cross Rate",Unknown,FOREX,NA,Currency,
SGDPKR,"Singapore Dollar/Pakistani Rupee FX Cross Rate",Unknown,FOREX,NA,Currency,
SGDPLN,SGDPLN,Unknown,FOREX,NA,Currency,
SGDSEK,"Singapore Dollar/Swedish Krona FX Cross Rate",Unknown,FOREX,NA,Currency,
SGDTHB,"Singapore Dollar/Thai Baht FX Cross Rate",Unknown,FOREX,NA,Currency,
SGDTWD,"Singapore Dollar/Taiwan Dollar FX Cross Rate",Unknown,FOREX,NA,Currency,
SGDUSD,"Singapore Dollar/US Dollar FX Cross Rate",Unknown,FOREX,NA,Currency,
SGDVND,"Singapore Dollar/Vietnam Dong FX Cross Rate",Unknown,FOREX,VND,Currency,
SGDZAR,"Singapore Dollar/South African Rand FX Cross Rate",Unknown,FOREX,NA,Currency,
SLLUSD,SLLUSD,Unknown,FOREX,NA,Currency,
SZLGBP,SZLGBP,Unknown,FOREX,NA,Currency,
SZLUSD,SZLUSD,Unknown,FOREX,NA,Currency,
THB,"US Dollar/Thai Baht FX Spot Rate",Unknown,FOREX,NA,Currency,
THBAUD,"Thai Baht/Australian Dollar FX Cross Rate",Unknown,FOREX,NA,Currency,
THBCAD,"Thai Baht/Canadian Dollar FX Cross Rate",Unknown,FOREX,NA,Currency,
THBCHF,"Thai Baht/Swiss Franc FX Cross Rate",Unknown,FOREX,NA,Currency,
THBCNY,"Thai Baht/Chinese Renminbi FX Cross Rate",Unknown,FOREX,NA,Currency,
THBEUR,"Thai Baht/Euro FX Cross Rate",Unknown,FOREX,NA,Currency,
THBGBP,"Thai Baht/UK Pound Sterling FX Cross Rate",Unknown,FOREX,NA,Currency,
THBHKD,"Thai Baht/Hong Kong Dollar FX Cross Rate",Unknown,FOREX,NA,Currency,
THBIDR,"Thai Baht/Indonesian Rupiah FX Cross Rate",Unknown,FOREX,NA,Currency,
THBINR,"Thai Baht/Indian Rupee FX Cross Rate",Unknown,FOREX,NA,Currency,
THBJPY,"Thai Baht/Japanese Yen FX Cross Rate",Unknown,FOREX,NA,Currency,
THBKRW,"Thai Baht/Korean Won FX Cross Rate",Unknown,FOREX,NA,Currency,
THBMYR,"Thai Baht/Malaysian Ringgit FX Cross Rate",Unknown,FOREX,NA,Currency,
THBNZD,"Thai Baht/New Zealand Dollar FX Cross Rate",Unknown,FOREX,NA,Currency,
THBPKR,"Thai Baht/Pakistani Rupee FX Cross Rate",Unknown,FOREX,NA,Currency,
THBSGD,"Thai Baht/Singapore Dollar FX Cross Rate",Unknown,FOREX,NA,Currency,
THBTWD,"Thai Baht/Taiwan Dollar FX Cross Rate",Unknown,FOREX,NA,Currency,
THBUSD,THBUSD,Unknown,FOREX,NA,Currency,
THBZAR,THBZAR,Unknown,FOREX,NA,Currency,
TNDGBP,TNDGBP,Unknown,FOREX,NA,Currency,
TNDUSD,TNDUSD,Unknown,FOREX,NA,Currency,
TOP,"US Dollar /Tongan pa'anga",Unknown,FOREX,NA,Currency,
TRY,"US Dollar/Turkish Lira FX Spot Rate",Unknown,FOREX,NA,Currency,
TRYCHF,TRYCHF,Unknown,FOREX,NA,Currency,
TRYDKK,"Turkish Lira/Danish Krone FX Cross Rate",Unknown,FOREX,NA,Currency,
TRYEUR,TRYEUR,Unknown,FOREX,NA,Currency,
TRYJPY,"Turkish Lira/Japanese Yen FX Cross Rate",Unknown,FOREX,NA,Currency,
TRYPLN,"Turkish Lira/Polish Zloty FX Cross Rate",Unknown,FOREX,NA,Currency,
TRYUSD,"Turkish Lira/US Dollar FX Cross Rate",Unknown,FOREX,NA,Currency,
TRYZAR,TRYZAR,Unknown,FOREX,NA,Currency,
TTDGBP,TTDGBP,Unknown,FOREX,NA,Currency,
TTDUSD,TTDUSD,Unknown,FOREX,NA,Currency,
TWD,"US Dollar/Taiwan Dollar FX Spot Rate",Unknown,FOREX,NA,Currency,
TWDAUD,TWDAUD,Unknown,FOREX,NA,Currency,
TWDCAD,TWDCAD,Unknown,FOREX,NA,Currency,
TWDCHF,TWDCHF,Unknown,FOREX,NA,Currency,
TWDCNY,TWDCNY,Unknown,FOREX,NA,Currency,
TWDEUR,"Taiwan Dollar/Euro FX Cross Rate",Unknown,FOREX,NA,Currency,
TWDGBP,"Taiwan Dollar/UK Pound Sterling FX Cross Rate",Unknown,FOREX,NA,Currency,
TWDHKD,"Taiwan Dollar/Hong Kong Dollar FX Cross Rate",Unknown,FOREX,NA,Currency,
TWDIDR,"Taiwan Dollar/Indonesian Rupiah FX Cross Rate",Unknown,FOREX,NA,Currency,
TWDINR,TWDINR,Unknown,FOREX,NA,Currency,
TWDJPY,"Taiwan Dollar/Japanese Yen FX Cross Rate",Unknown,FOREX,NA,Currency,
TWDKRW,TWDKRW,Unknown,FOREX,NA,Currency,
TWDMYR,TWDMYR,Unknown,FOREX,NA,Currency,
TWDNZD,TWDNZD,Unknown,FOREX,NA,Currency,
TWDPKR,TWDPKR,Unknown,FOREX,NA,Currency,
TWDSEK,"Taiwan Dollar/Swedish Krona FX Cross Rate",Unknown,FOREX,NA,Currency,
TWDSGD,"Taiwan Dollar/Singapore Dollar FX Cross Rate",Unknown,FOREX,NA,Currency,
TWDTHB,TWDTHB,Unknown,FOREX,NA,Currency,
TWDUSD,TWDUSD,Unknown,FOREX,NA,Currency,
TWDZAR,TWDZAR,Unknown,FOREX,NA,Currency,
UAHUSD,UAHUSD,Unknown,FOREX,NA,Currency,
USD,"US Dollar FX Spot Rate",Unknown,FOREX,NA,Currency,
USDAED,"US Dollar/UAE Dirham FX Spot Rate",Unknown,FOREX,NA,Currency,
USDAFN,USDAFN,Unknown,FOREX,NA,Currency,
USDALL,USDALL,Unknown,FOREX,NA,Currency,
USDAMD,USDAMD,Unknown,FOREX,NA,Currency,
USDARS,"US Dollar/Argentine Peso FX Spot Rate",Unknown,FOREX,NA,Currency,
USDAUD,"US Dollar/Australian Dollar FX Cross Rate",Unknown,FOREX,NA,Currency,
USDBDT,USDBDT,Unknown,FOREX,NA,Currency,
USDBGN,USDBGN,Unknown,FOREX,NA,Currency,
USDBHD,"US Dollar/Bahraini Dinar FX Spot Rate",Unknown,FOREX,NA,Currency,
USDBIF,USDBIF,Unknown,FOREX,NA,Currency,
USDBMD,USDBMD,Unknown,FOREX,NA,Currency,
USDBND,"US Dollar/Brunei Dollar FX Spot Rate",Unknown,FOREX,NA,Currency,
USDBOB,USDBOB,Unknown,FOREX,NA,Currency,
USDBRL,USDBRL,Unknown,FOREX,NA,Currency,
USDBWP,USDBWP,Unknown,FOREX,NA,Currency,
USDBYN,"US Dollar Belarusian Ruble",Unknown,FOREX,NA,Currency,
USDBZD,USDBZD,Unknown,FOREX,NA,Currency,
USDCAD,"US Dollar/Canadian Dollar FX Spot Rate",Unknown,FOREX,NA,Currency,
USDCDF,USDCDF,Unknown,FOREX,NA,Currency,
USDCHF,USDCHF,Unknown,FOREX,NA,Currency,
USDCLP,"US Dollar/Chilean Peso FX Spot Rate",Unknown,FOREX,NA,Currency,
USDCNH,USDCNH,Unknown,FOREX,NA,Currency,
USDCNY,"US Dollar/Chinese Renminbi FX Spot Rate",Unknown,FOREX,NA,Currency,
USDCOP,USDCOP,Unknown,FOREX,NA,Currency,
USDCRC,USDCRC,Unknown,FOREX,NA,Currency,
USDCUP,USDCUP,Unknown,FOREX,NA,Currency,
USDCVE,USDCVE,Unknown,FOREX,NA,Currency,
USDCZK,"US Dollar/Czech Koruna FX Spot Rate",Unknown,FOREX,NA,Currency,
USDDJF,USDDJF,Unknown,FOREX,NA,Currency,
USDDKK,"US Dollar/Danish Krone FX Spot Rate",Unknown,FOREX,NA,Currency,
USDDOP,USDDOP,Unknown,FOREX,NA,Currency,
USDDZD,USDDZD,Unknown,FOREX,NA,Currency,
USDEGP,"US Dollar/Egyptian Pound FX Spot Rate",Unknown,FOREX,NA,Currency,
USDETB,USDETB,Unknown,FOREX,NA,Currency,
USDEUR,"US Dollar/Euro FX Cross Rate",Unknown,FOREX,NA,Currency,
USDFJD,USDFJD,Unknown,FOREX,NA,Currency,
USDGBP,"US Dollar/UK Pound Sterling FX Cross Rate",Unknown,FOREX,NA,Currency,
USDGEL,USDGEL,Unknown,FOREX,NA,Currency,
USDGHS,"US Dollar/Ghanian Cedi FX Spot Rate",Unknown,FOREX,NA,Currency,
USDGMD,USDGMD,Unknown,FOREX,NA,Currency,
USDGNF,USDGNF,Unknown,FOREX,NA,Currency,
USDGTQ,USDGTQ,Unknown,FOREX,NA,Currency,
USDHKD,"US Dollar/Hong Kong Dollar FX Spot Rate",Unknown,FOREX,NA,Currency,
USDHNL,USDHNL,Unknown,FOREX,NA,Currency,
USDHRK,USDHRK,Unknown,FOREX,NA,Currency,
USDHTG,USDHTG,Unknown,FOREX,NA,Currency,
USDHUF,"US Dollar/Hungarian Forint FX Spot Rate",Unknown,FOREX,NA,Currency,
USDIDR,"US Dollar/Indonesian Rupiah FX Spot Rate",Unknown,FOREX,NA,Currency,
USDILS,"US Dollar/Israeli Shekel FX Spot Rate",Unknown,FOREX,NA,Currency,
USDINR,"US Dollar/Indian Rupee FX Spot Rate",Unknown,FOREX,NA,Currency,
USDIQD,USDIQD,Unknown,FOREX,NA,Currency,
USDISK,USDISK,Unknown,FOREX,NA,Currency,
USDJOD,USDJOD,Unknown,FOREX,NA,Currency,
USDJPY,"US Dollar/Japanese Yen FX Spot Rate",Unknown,FOREX,NA,Currency,
USDKES,"US Dollar/Kenyan Shilling FX Spot Rate",Unknown,FOREX,NA,Currency,
USDKGS,"US Dollar/Kyrgyzstan som",Unknown,FOREX,NA,Currency,
USDKHR,USDKHR,Unknown,FOREX,NA,Currency,
USDKMF,USDKMF,Unknown,FOREX,NA,Currency,
USDKRW,"US Dollar/Korean Won FX Spot Rate",Unknown,FOREX,NA,Currency,
USDKWD,"US Dollar/Kuwaiti Dinar FX Spot Rate",Unknown,FOREX,NA,Currency,
USDKZT,USDKZT,Unknown,FOREX,NA,Currency,
USDLAK,USDLAK,Unknown,FOREX,NA,Currency,
USDLBP,USDLBP,Unknown,FOREX,NA,Currency,
USDLKR,"US Dollar/Sri Lanka Rupee FX Spot Rate",Unknown,FOREX,NA,Currency,
USDLRD,USDLRD,Unknown,FOREX,NA,Currency,
USDLSL,USDLSL,Unknown,FOREX,NA,Currency,
USDLYD,USDLYD,Unknown,FOREX,NA,Currency,
USDMAD,"US Dollar/Moroccan Dirham FX Spot Rate",Unknown,FOREX,NA,Currency,
USDMDL,USDMDL,Unknown,FOREX,NA,Currency,
USDMKD,USDMKD,Unknown,FOREX,NA,Currency,
USDMMK,USDMMK,Unknown,FOREX,NA,Currency,
USDMOP,USDMOP,Unknown,FOREX,NA,Currency,
USDMUR,USDMUR,Unknown,FOREX,NA,Currency,
USDMVR,USDMVR,Unknown,FOREX,NA,Currency,
USDMWK,USDMWK,Unknown,FOREX,NA,Currency,
USDMXN,"US Dollar/Mexican Peso FX Spot Rate",Unknown,FOREX,NA,Currency,
USDMYR,"US Dollar/Malaysian Ringgit FX Spot Rate",Unknown,FOREX,NA,Currency,
USDNAD,USDNAD,Unknown,FOREX,NA,Currency,
USDNGN,"US Dollar/Nigerian Naira FX Spot Rate",Unknown,FOREX,NA,Currency,
USDNIO,USDNIO,Unknown,FOREX,NA,Currency,
USDNOK,"US Dollar/Norwegian Krone FX Spot Rate",Unknown,FOREX,NA,Currency,
USDNPR,USDNPR,Unknown,FOREX,NA,Currency,
USDNZD,"US Dollar/New Zealand Dollar FX Cross Rate",Unknown,FOREX,NA,Currency,
USDOMR,"US Dollar/Omani Rial FX Spot Rate",Unknown,FOREX,NA,Currency,
USDPAB,USDPAB,Unknown,FOREX,NA,Currency,
USDPEN,"US Dollar/Peruvian Sol FX Spot Rate",Unknown,FOREX,NA,Currency,
USDPGK,USDPGK,Unknown,FOREX,NA,Currency,
USDPHP,"US Dollar/Philippine Peso FX Spot Rate",Unknown,FOREX,NA,Currency,
USDPKR,"US Dollar/Pakistani Rupee FX Spot Rate",Unknown,FOREX,NA,Currency,
USDPLN,"US Dollar/Polish Zloty FX Spot Rate",Unknown,FOREX,NA,Currency,
USDPYG,USDPYG,Unknown,FOREX,NA,Currency,
USDQAR,USDQAR,Unknown,FOREX,NA,Currency,
USDRON,USDRON,Unknown,FOREX,NA,Currency,
USDRSD,USDRSD,Unknown,FOREX,NA,Currency,
USDRUB,"US Dollar/Russian Rouble FX Spot Rate",Unknown,FOREX,NA,Currency,
USDRWF,USDRWF,Unknown,FOREX,NA,Currency,
USDSAR,"US Dollar/Saudi Arabian Riyal FX Spot Rate",Unknown,FOREX,NA,Currency,
USDSCR,"US Dollar/Seychelles Rupee FX Spot Rate",Unknown,FOREX,NA,Currency,
USDSEK,"US Dollar/Swedish Krona FX Spot Rate",Unknown,FOREX,NA,Currency,
USDSGD,"US Dollar/Singapore Dollar FX Spot Rate",Unknown,FOREX,NA,Currency,
USDSLL,USDSLL,Unknown,FOREX,NA,Currency,
USDSOS,USDSOS,Unknown,FOREX,NA,Currency,
USDSVC,USDSVC,Unknown,FOREX,NA,Currency,
USDSZL,USDSZL,Unknown,FOREX,NA,Currency,
USDTHB,"US Dollar/Thai Baht FX Spot Rate",Unknown,FOREX,NA,Currency,
USDTND,USDTND,Unknown,FOREX,NA,Currency,
USDTOP,"US Dollar /Tongan pa'anga",Unknown,FOREX,NA,Currency,
USDTRY,USDTRY,Unknown,FOREX,NA,Currency,
USDTWD,"US Dollar/Taiwan Dollar FX Spot Rate",Unknown,FOREX,NA,Currency,
USDTZS,USDTZS,Unknown,FOREX,NA,Currency,
USDUAH,"US Dollar/Ukraine Hryvnia FX Spot Rate",Unknown,FOREX,NA,Currency,
USDUSD,"US Dollar FX Spot Rate",Unknown,FOREX,NA,Currency,
USDUYU,USDUYU,Unknown,FOREX,NA,Currency,
USDUZS,USDUZS,Unknown,FOREX,NA,Currency,
USDVND,"US Dollar/Vietnam Dong FX Spot Rate",Unknown,FOREX,VND,Currency,
USDXAF,USDXAF,Unknown,FOREX,NA,Currency,
USDXOF,USDXOF,Unknown,FOREX,NA,Currency,
USDXPF,"US Dollar/Pacific Franc FX Spot Rate",Unknown,FOREX,NA,Currency,
USDYER,USDYER,Unknown,FOREX,NA,Currency,
USDZAR,"US Dollar/South African Rand FX Spot Rate",Unknown,FOREX,NA,Currency,
UYU,UYU,Unknown,FOREX,NA,Currency,
UYUUSD,UYUUSD,Unknown,FOREX,NA,Currency,
UZSRUB,"Uzbekistani Sum Russian Ruble",Unknown,FOREX,NA,Currency,
VND,"US Dollar/Vietnam Dong FX Spot Rate",Unknown,FOREX,VND,Currency,
VNDEUR,VNDEUR,Unknown,FOREX,NA,Currency,
VNDJPY,"Vietnam Dong/Japanese Yen FX Cross Rate",Unknown,FOREX,NA,Currency,
XAGUSD,XAGUSD,Unknown,FOREX,NA,Currency,
XAUUSD,XAUUSD,Unknown,FOREX,NA,Currency,
XCDGBP,XCDGBP,Unknown,FOREX,NA,Currency,
XDR,XDR,Unknown,FOREX,NA,Currency,
XPDUSD,XPDUSD,Unknown,FOREX,NA,Currency,
XPTUSD,XPTUSD,Unknown,FOREX,GBP,Currency,
YERUSD,YERUSD,Unknown,FOREX,NA,Currency,
ZAC,ZAR,Unknown,FOREX,NA,Currency,
ZAR,"US Dollar/South African Rand FX Spot Rate",Unknown,FOREX,NA,Currency,
ZARAED,"South African Rand/UAE Dirham FX Cross Rate",Unknown,FOREX,NA,Currency,
ZARAUD,"South African Rand/Australian Dollar FX Cross Rate",Unknown,FOREX,NA,Currency,
ZARBRL,"South African Rand/Brazilian Real FX Cross Rate",Unknown,FOREX,NA,Currency,
ZARBWP,ZARBWP,Unknown,FOREX,NA,Currency,
ZARCAD,"South African Rand/Canadian Dollar FX Cross Rate",Unknown,FOREX,NA,Currency,
ZARCHF,"South African Rand/Swiss Franc FX Cross Rate",Unknown,FOREX,NA,Currency,
ZARCNY,ZARCNY,Unknown,FOREX,NA,Currency,
ZARDKK,"South African Rand/Danish Krone FX Cross Rate",Unknown,FOREX,NA,Currency,
ZAREUR,"South African Rand/Euro FX Cross Rate",Unknown,FOREX,NA,Currency,
ZARGBP,"South African Rand/UK Pound Sterling FX Cross Rate",Unknown,FOREX,NA,Currency,
ZARHKD,"South African Rand/Hong Kong Dollar FX Cross Rate",Unknown,FOREX,NA,Currency,
ZARIDR,ZARIDR,Unknown,FOREX,NA,Currency,
ZARINR,ZARINR,Unknown,FOREX,NA,Currency,
ZARJPY,"South African Rand/Japanese Yen FX Cross Rate",Unknown,FOREX,NA,Currency,
ZARKES,ZARKES,Unknown,FOREX,NA,Currency,
ZARKRW,ZARKRW,Unknown,FOREX,NA,Currency,
ZARMXN,"South African Rand/Mexican Peso FX Cross Rate",Unknown,FOREX,NA,Currency,
ZARNOK,"South African Rand/Norwegian Krone FX Cross Rate",Unknown,FOREX,NA,Currency,
ZARNZD,"South African Rand/New Zealand Dollar FX Cross Rate",Unknown,FOREX,NA,Currency,
ZARPHP,ZARPHP,Unknown,FOREX,NA,Currency,
ZARPKR,ZARPKR,Unknown,FOREX,NA,Currency,
ZARPLN,"South African Rand/Polish Zloty FX Cross Rate",Unknown,FOREX,NA,Currency,
ZARRUB,"South African Rand Russian Ruble",Unknown,FOREX,NA,Currency,
ZARSEK,"South African Rand/Swedish Krona FX Cross Rate",Unknown,FOREX,NA,Currency,
ZARSGD,"South African Rand/Singapore Dollar FX Cross Rate",Unknown,FOREX,NA,Currency,
ZARTHB,ZARTHB,Unknown,FOREX,NA,Currency,
ZARTWD,"South African Rand/Taiwan Dollar FX Cross Rate",Unknown,FOREX,NA,Currency,
ZARUSD,"South African Rand/US Dollar FX Cross Rate",Unknown,FOREX,NA,Currency,
